HR26DK8337,A1,2025-06-15 22:52:36
JP32RH576,A7,2025-06-15 22:52:56
HR26DK8337,A2,2025-06-16 00:33:04
HR26DK8337,A10,2025-06-16 00:54:59
UP32RN5761,A9,2025-06-16 00:56:56
HRZ6DK8337,B5,2025-06-16 00:57:09
HRZ6DK8337,B3,2025-06-16 00:57:12
HRZ6DK8337,B2,2025-06-16 00:57:29
HR26DK8337,B9,2025-06-17 16:02:55
UP32RN5Z61.,a1,2025-06-18 13:57:45
HR26DK8337,a6,2025-06-18 13:58:11
HR26DK8337,a3,2025-06-18 13:59:25
HR26DK8337,b2,2025-06-18 14:04:25
UP32RN5761_,c1,2025-06-18 14:09:12
HR26DK8337,a2,2025-06-18 14:41:48
HRZGDK8337,b1,2025-06-18 14:42:17
HR2GDK8337,a7,2025-06-18 14:42:17
UP32RN5761,b6,2025-06-18 14:43:20
UP32RN5761,a1,2025-06-18 15:02:04
"UP32RN5761,",a1,2025-06-18 15:14:25
UP32Rn5761,a6,2025-06-18 15:14:42
HR26DK8337,a3,2025-06-18 15:24:23
UP32RN5761,b2,2025-06-18 15:25:06
HRZSDK8337,c1,2025-06-18 15:34:38
HR26DK8337,a1,2025-06-18 15:36:24
UP32RN5761,a2,2025-06-18 15:37:04
HR6ZA9100,a6,2025-06-18 15:37:43
JiLcyo002,b1,2025-06-18 15:40:09
HRZGDK8337,a3,2025-06-18 15:40:46
UP32RN5761,a2,2025-06-18 15:41:28
HR26DK8337,a1,2025-06-18 15:49:05
HR26DK8337,a1,2025-06-18 15:51:21
UP32RN5Z61,a1,2025-06-18 16:07:28
UP32RN5Z61,a1,2025-06-18 16:08:48
UP32RN5Z61,a1,2025-06-18 16:08:48
HR26DK8337,a1,2025-06-18 16:09:03
HR6ZA9100,a1,2025-06-18 16:09:57
HR26DK8337,a1,2025-06-18 16:16:26
UP32RN5Z6,a1,2025-06-18 16:17:35
UP32RH5761,a1,2025-06-18 16:17:48
HR6ZA9100,a1,2025-06-18 16:18:36
HRZGDK8337,a1,2025-06-18 16:19:58
HR26DK8337,a1,2025-06-18 16:23:13
HR26DK8337,a1,2025-06-18 16:38:07
UP32RH5Z61,a2,2025-06-18 16:38:31
HR67A9100,a6,2025-06-18 16:39:46
UP32RH5761,b1,2025-06-18 16:40:06
HR26DK8337,a1,2025-06-18 16:40:42
HR26DK8337,a1,2025-06-18 16:44:20
UP32RN5761,a3,2025-06-18 16:44:31
HR26DK8337,a1,2025-06-18 16:59:29
HR26DK8337,a1,2025-06-18 17:27:58
HR26DK8337,a1,2025-06-18 17:31:22
HR26DK8337,a1,2025-06-18 17:32:19
UP32RN5Z61,a2,2025-06-18 17:32:54
HR6ZA9100,a6,2025-06-18 17:33:51
HR2SDK8337,b1,2025-06-18 18:01:24
HR26DK8337,a1,2025-06-18 18:11:51
HR26DK8337,a1,2025-06-18 18:16:36
UP32RH5Z61,a2,2025-06-18 18:16:54
HRZ6DK8337,a1,2025-06-18 18:33:38
UP32RN5Z61,a2,2025-06-18 18:34:31
HR26DK8337,a1,2025-06-18 18:45:10
UP32RN5Z61,a2,2025-06-18 18:45:32
HR26DK8337,a1,2025-06-18 18:52:17
UP32RN57614,a2,2025-06-18 18:53:32
HR26DK8337,a1,2025-06-18 19:13:37
HR26DK8337,a1,2025-06-18 19:13:56
JP32RH5761],a2,2025-06-18 19:14:17
UP32RH5761,a6,2025-06-18 19:27:29
HR26DK8337,a1,2025-06-18 19:36:09
HR26DK8337,a1,2025-06-18 19:45:26
HR26DK8337,a1,2025-06-18 19:56:22
HR26DK8337,a1,2025-06-18 20:02:41
HRZGDK8337,b1,2025-06-18 20:07:43
HR26DK8337,a1,2025-06-18 22:56:59
KL6SAN7722,a1,2025-06-18 22:58:01
HR26DK8337,a1,2025-06-18 22:59:18
UP32Rn5761_,a1,2025-06-18 22:59:54
HR26DK8337,a1,2025-06-18 23:08:28
UP32RN5Z61,a1,2025-06-18 23:09:14
UP32RN5761_,a1,2025-06-18 23:12:26
HR260K8337,a2,2025-06-18 23:14:55
HR67A9100,a6,2025-06-18 23:15:37
KA013C5758,b1,2025-06-18 23:17:11
HR6ZA9100,a3,2025-06-18 23:17:40
HH1ZDE1433,a7,2025-06-18 23:18:35
22BH6517A,b2,2025-06-18 23:19:11
TG07R9999,b6,2025-06-18 23:20:14
RJiLcTOOO;,c1,2025-06-18 23:20:35
